,_id,id,tahun,institusi,gred
0,6358c3a25be697dfd6a2a308,675-X47,2016,"Anglia Ruskin University, UK",Masters of Business Administration
1,6358c3a25be697dfd6a2a308,675-X47,2021-kini,Universiti Sains Malaysia (USM),Sarjana Muda Sains Kemasyarakatan (Sains Politik) 
2,6358c3a25be697dfd6a2a308,675-X47,2012,"Vision International University, California (US)",Diploma in Arts
3,6358c3a25be697dfd6a2a308,675-X47,2021,"International Business Management Institute, Germany",Diploma in Global Governance
4,6358c3a25be697dfd6a2a308,675-X47,2020,Malaysian Qualification Agency (MQA),APEL T-6
5,6358c3a25be697dfd6a2a308,675-X47,2004,"Strategic Studies & Technology College, Malaysia",Certificate in Administrative Information System
6,6358c3a25be697dfd6a2a308,675-X47,2020,"Young Southeast Asian Leaders Initiative (YSAELI), United States ",Community Organizing for Action Certificate
7,6358c3a25be697dfd6a2a308,675-X47,2020,University of London & OAS University of London	,Global Diplomacy Certificate
8,6358c3a25be697dfd6a2a308,675-X47,2003,"SMK Desa Cemerlang (Ulu Tiram), Johor",SPM
9,6358c3a25be697dfd6a2a308,675-X47,1998,"SRJK (C) Sin Min Sg Besar, Selangor",UPSR
10,6358fa32bd5670fda2abc2c5,1183-T30,1981,"MRSM, KOTA BHARU",SPM
11,6358fa32bd5670fda2abc2c5,1183-T30,1982,"MRSM, SEREMBAN",MATRIKULASI UKM
12,6358fa32bd5670fda2abc2c5,1183-T30,1983-1989,FAKULTI PERUBATAN UKM,IJAZAH KEDOKTORAN (MD)
13,6358c3a45be697dfd6a2a378,133-B77,2004,UNIVERSITI SAINS MALAYSIA,2.8
14,6358c3a35be697dfd6a2a334,619-I59,1987-1988,"ST LOUIS UNIVERSITY, ST LOUIS, USA",MASTERS IN BUSINESS ADMINISTRATION
15,6358c3a35be697dfd6a2a334,619-I59,1982-1986,"UNIVERSITY OF WISCONSIN, GREEN BAY, USA",BACHELORS IN  BUSINESS ADMINISTRATION
16,6358c3a35be697dfd6a2a352,360-B68,2017,NIOSH MALAYSIA,CERTIFICATE TRAIN THE TRAINER
17,6358c3a35be697dfd6a2a352,360-B68,1988,OITA NATIONAL COLLEGE OF TECHNOLOGY,DIPLOMA KEJURUTERAAN AWAM
18,6358c3a35be697dfd6a2a352,360-B68,1984,POLITEKNIK KUANTAN,SIJIL KEJURUTERAAN AWAM
19,6358c3a35be697dfd6a2a352,360-B68,1979,"SEKOLAH MENENGAH TEKNIK, KUALA LUMPUR",SIJIL PELAJARAN MALAYSIA
20,635b16c5e2e59fe60b20491b,,2007-2011,"Doctor of Philosophy, Durham University, U.K",
21,635b16c5e2e59fe60b20491b,,2000-2004,"MA Islamic Jurisprudence, University of Malaya",
22,635b16c5e2e59fe60b20491b,,1994-1999,"BA Islamic Jurisprudence, Al al-Bayt University",
23,6358c3a35be697dfd6a2a324,625-Z05,2002,"Universiti Putra Malaysia (UPM), Serdang",Sarjana Sastera
24,6358c3a35be697dfd6a2a324,625-Z05,1994,"Universiti Sains Malaysia (USM), Pulau Pinang",Sarjana Muda Sastera Dengan Kepujian (Major Sastera Minor Sains Politik)
25,6358c3a35be697dfd6a2a324,625-Z05,1982,"Sekolah Menengah Seri Ampangan, Seremban, Negeri Sembilan",STPM
26,6358c3a35be697dfd6a2a324,625-Z05,1979,"Sekolah Menengah Dato' Onn, Batu Pahat, Johor",SPM
27,6358c3a35be697dfd6a2a324,625-Z05,1977,"Sekolah Menengah Dato' Onn, Batu Pahat, Johor",SRP
28,6358c3a25be697dfd6a2a306,769-M47,2004-2005,"Institut Teknologi Udara, Pusat Latihan Pendidikan Logistik, Kinrara, Selangor ",Lulus 
29,6358c3a25be697dfd6a2a306,769-M47,1988,"Sijil Pelajaran Malaysia, Sekolah Menengah Aminuddin Baki, Johor Bahru, JOHOR ",Gred 3 
30,6358c3a25be697dfd6a2a306,769-M47,1976,"Sekolah Rendah Jenis Kebangsaan ( C ) Foon Yew 5, Larkin, Johor bahru, JOHOR ",Lulus 
31,6358c3a35be697dfd6a2a326,953-W50,2006,LSE,Masters
32,6358c3a35be697dfd6a2a326,953-W50,1999,University of London,Degree
33,635aad7eea3371660a120fb4,1191-H25,N/A,"University of London, United Kingdom ",Sarjana Muda Undang-Undang Dengan Kepujian (LLB. Hons).
34,6358c3a45be697dfd6a2a382,902-I77,2009,"University of Wisconsin-Madison, Amerika Syarikat","BSC, Double Major in Actuarial Science and Eocnomics"
35,6358c3a45be697dfd6a2a382,902-I77,2003,"Kolej Melayu Kuala Kangsar, Perak",9A
36,6358c3a35be697dfd6a2a362,313-R42,2016,"UNIVERSITI SAINS MALAYSIA, PENANG",DOCTORAL(PHD)
37,6358c3a35be697dfd6a2a362,313-R42,2010,UNIVERSITI UTARA MALAYSIA,MBA
38,6358c3a35be697dfd6a2a362,313-R42,1996,"UNIVERSITY OF GLASGOW, SCOTLAND",BACHELOR (B.ENG)
39,6358c3a25be697dfd6a2a310,1026-R07,2005-2009 ,Universiti Tenaga Nasional (UNITEN) ,Bachelor of Civil Engineering (Hons.) 
40,6358c3a25be697dfd6a2a310,1026-R07,2004-2005 ,Universiti Tenaga Nasional (UNITEN) ,Foundation of Engineering 
41,6358c3a25be697dfd6a2a310,1026-R07,2002 – 2003 ,"Sekolah Menengah Teknik Lebuh Cator, Ipoh ",SPM (Sijil Pelajaran Malaysia) 
42,6358c3a45be697dfd6a2a384,377-O86,2020,UNIVERSITI MALAYA,SARJANA MUDA JURISPRUDEN (UNDANG-UNDANG)
43,6358c3a45be697dfd6a2a384,377-O86,2008,UNIVERSITI PUTRA MALAYSIA,SARJANA MUDA KEJURUTERAAN KOMPUTER & KOMUNIKASI
44,6358c3a45be697dfd6a2a370,805-R56,1987,"UNIVERSITI SAINS MALAYSIA, PULAU PINANG",LULUS M.D.
45,6358c3a45be697dfd6a2a370,805-R56,1979,"SEKOLAH MENENGAH TUNKU ABDUL MALIK, ALOR SETAR",MCE GRED 1
46,6358c3a35be697dfd6a2a360,1017-T49,Twintech International University College of Technology ,"Penang Campus - 64 Lebuh Bishop, Georgetown 10200 Penang",On progress
47,6358c3a35be697dfd6a2a360,1017-T49,Diploma in Business Administration ,Institut Teknologi Klang,3.04
48,6358c3a45be697dfd6a2a364,1123-O11,1993 - 1996,UNIVERSITI TEKNOLOGI MALAYSIA (UTM),DIPLOMA IN CIVIL ENGINEERING
49,6358c3a45be697dfd6a2a364,1123-O11,1996 - 1999,UNIVERSITI TEKNOLOGI MALAYSIA (UTM),BACHELOR OF CIVIL ENGINEERINGSARJANA MUDA KEJURUTERAAN AWAM
50,6358c3a45be697dfd6a2a364,1123-O11,2006,UNIVERSITI SAINS MALAYSIA (USM),MSc Civil (Environmental Engineering)
51,6358c3a35be697dfd6a2a350,827-W00,2020,BANDUNG ISLAMIC UNIVERSITY-FACULTY OF MEDICINE,3.66
52,6358c3a35be697dfd6a2a350,827-W00,2014,PADJAJARAN UNIVERSITY (UNPAD),3.42
53,6358c3a45be697dfd6a2a372,295-K50,2015,Asia Universiti,Master of Business Management
54,6358c3a45be697dfd6a2a366,921-D02,1981-1987,UNIVERSITI PUTRA MALAYSIA,SARJANA SAINS (AGRONOMI)
55,635b198ee2e59fe60b20492a,,,,
56,6358c3a35be697dfd6a2a340,993-L65,2003-2007,"Universiti Sains Malaysia, Pulau Pinang",2.65
57,6358c3a35be697dfd6a2a340,993-L65,2002-2003,"Matrikulasi Kolej Mara Kulim, Kedah",2.85
58,6358c3a35be697dfd6a2a340,993-L65,2000-2001,"MRSM Kuala Berang, Terengganu ","4A, 4B, 2C"
59,6358c3a45be697dfd6a2a38a,423-Z92,1991,"WESTERN MICHIGAN UNIVERSITY, USA",Bsc. in Engineering (Mechanical)
60,6358c3a45be697dfd6a2a38a,423-Z92,1989,"MAKTAB SAINS MARA, KUANTAN, PAHANG",Diploma Associated American Degree (Engineering)
61,6358c3a45be697dfd6a2a38a,423-Z92,1986,"MAKTAB RENDAH SAINS MARA, PERLIS",Sijil Pelajaran Malaysia
62,6358c3a45be697dfd6a2a38a,423-Z92,1984,"SEKOLAH MENENGAH KOTA BHARU, KELANTAN",Sijil Rendah Pelajaran Malaysia
63,6358c3a35be697dfd6a2a332,183-E57,1983,UNIVERSITI MALAYA,BACHELOR OF ECONOMICS(HONS) 
64,6358c3a45be697dfd6a2a36a,495-M14,1995-2000,Liverpool University,MBChB
65,6358c3a35be697dfd6a2a336,355-V23,1995,STPM Institut Bina Machang,3P
66,6358c3a35be697dfd6a2a336,355-V23,1991,SPM Sekolah Menengah Hamzah,SAP 5
67,6358c3a35be697dfd6a2a336,355-V23,1989,SRP Sekolah Menengah Hamzah,Pangkat A
68,6358c3a25be697dfd6a2a31c,610-W98,1990,London's School of Economics and Political Science,Sarjana Undang-undang
69,6358c3a25be697dfd6a2a31c,610-W98,1983,Universiti Islam Antarabangsa,Sarjana Muda Undang-undang (Kepujian)
70,6358c3a25be697dfd6a2a31c,610-W98,1981,"Sekolah Menengah Ghaffar Baba, Masjid Tanah",STPM
71,6358c3a25be697dfd6a2a31c,610-W98,1975,"Sekolah Seri Puteri, Jalan Kolam Ayer, Kuala Lumpur",SPM
72,6358c3a25be697dfd6a2a31c,610-W98,1969,"Sekolah Kebangsaan Jeram, Masjid Tanah, Melaka",Penilaian Darjah 5
73,6358c3a35be697dfd6a2a32a,1160-E32,2009-2020,UPSI,Ijazah Sarjana Muda Pendidikan
74,6358fc0c6d2226054cad5ab2,1181-S67,2004,"Universiti Al-Azhar, Mesir",Ijazah Sarjana Muda Syariah
75,6358fc0c6d2226054cad5ab2,1181-S67,1999,"Sijil Tinggi Agama, Maahad Ahmadi",Jayyid
76,6358c3a25be697dfd6a2a318,719-O36,2003,INTERNATIONAL ISLAMIC UNIVERSITY MALAYSIA,2ND CLASS LOWER
77,6358c3a25be697dfd6a2a318,719-O36,2010,DURHAM UNIVERSITY UK,MASTER OF ARTS
78,635aad72ea3371660a120fb2,1190-Z86,1988,Institut Teknologi Mara Shah Alam,Diploma In Business Studies
79,635aad72ea3371660a120fb2,1190-Z86,1984,Sekolah Menengah Tanah Merah Site “C”,Sijil Pelajaran Malaysia
80,636937695fc438e1c70603c9,551-R33,1972-1974,INSTITUT TEKNIK KUANTAN,SPM
81,636937695fc438e1c70603c9,551-R33,1975-1980,UNIVERSITI SAINS MALAYSIA,B.Sc(Hons) MINERAL
82,636937695fc438e1c70603c9,551-R33,1986-1987,"IMPERIAL COLLEGE OF SCIENCE AND TECHNOLOGY, UNIVERSITY LONDON","M.Sc, Engineering"
83,636937695fc438e1c70603c9,551-R33,1985-1987,"THE INTERNATIONAL MANAGEMENT CENTRE, BUCKINGHAM, UK",MBA
84,636937695fc438e1c70603cb,600-R09,1987,MASTER LIFE HONG KONG,DIPLOMA
85,636937695fc438e1c70603cb,600-R09,1983-1984,"SMK SULTAN ABU BAKAR ,KUANTAN",TINGKATAN 4-5
86,636937695fc438e1c70603cb,600-R09,1979-1982,"SMK TANAH PUTIH,KUANTAN",TINGKATAN 1-3
87,636937695fc438e1c70603cb,600-R09,1976-1978,"SRJK(C)CHUNG CHING,KUANTAN",DARJAH 4-6
88,636937695fc438e1c70603cb,600-R09,1973-1976,"SRJK(C) SIN HWA,BATU PAHAT JOHOR",DARJAH 1-4
89,636937695fc438e1c70603cd,618-W52,2013,INSTITUT PERTANIAN MALAYSIA BUMBUNG LIMA,SIJIL PERTANIAN
90,636937695fc438e1c70603cd,618-W52,2005,SMK TELOI KANAN,SPM
91,636937695fc438e1c70603cf,563-O85,1992,"UNIVERSITY SOUTHAMPTON, UK",Bsc(Hons)IN ACCOUNTANT & ECONOMICS
92,636937695fc438e1c70603cf,563-O85,1989,"NEW COLLEGE CARDIFF, WALES UNITED KINGDOM",A-LEVELS
93,636937695fc438e1c70603cf,563-O85,1986,"SEKOLAH ALAM SHAH, KUALA LUMPUR",SPM
94,636937695fc438e1c70603cf,563-O85,1981,"SEKOLAH KEB, FELDA K6 SERTIK BENTONG",PENILAIAN DARJAH 5
95,636937695fc438e1c70603d3,432-O40,2016,Universiti Utara Malaysia,3.6
96,636937695fc438e1c70603d5,580-V69,1980-1984,"UNIVERSITI KEBANGSAAN MALAYSIA, BANGI",SARJANA MUDA PENGAJIAN ISLAM
97,636937695fc438e1c70603d5,580-V69,1976-1979,KOLEJ ISLAM KELANG,STPM DAN SPM
98,636937695fc438e1c70603d5,580-V69,1972-1975,"SEK.MEN. AGAMA PADANG TENGKU, KUALA LIPIS",SRP
99,636937695fc438e1c70603d7,583-U08,1984-1990,SEKOLAH KEBANGSAAN PAYA LUAS KUALA KRAU PAHANG,UPSR
100,636937695fc438e1c70603d7,583-U08,1990-1994,PUSAT PENGAJIAN ISLAM TAMAN ISLAM KEMAMAN TERENGGANU,SIJIL MENENGAH AGAMA
101,636937695fc438e1c70603d7,583-U08,1995-1997,MAAHAD IHYA' AS SUNNAH MUHAMMADIYAH SONGKLA THAILAND,DIPLOMA
102,636937695fc438e1c70603d7,583-U08,1997-2000,UNIVERSITY AL-AZHAR CAWANGAN DAMANHUR,SIJIL
103,636937695fc438e1c70603d9,463-H40,1978-1979,"SEKOLAH MENENGAH VOKASIONAL SIMPANG SANGGANG TEMERLOH, PAHANG",PANGKAT DUA
104,636937695fc438e1c70603d9,463-H40,1974-1977,"SEKOLAH MENENGAH KEBANGSAAN JERANTUT, PAHANG",-
105,636937695fc438e1c70603d9,463-H40,1968-1973,"SEKOLAH JENIS KEBANGSAAN INGGERIS JERANTUT, PAHANG",-
106,636937695fc438e1c70603db,420-L05,1975,Kementerian Pelajaran,Pangkat 3
107,636937695fc438e1c70603dd,516-T91,2000,UKM Bangi Selangor,BBA (Hons) UKM
108,636937695fc438e1c70603dd,516-T91,1983,UPM SERDANG SELANGOR ,Diploma Pertanian
109,636937695fc438e1c70603dd,516-T91,1983,UPM / Kementerian Pertahanan ,Lt Muda 
110,636937695fc438e1c70603df,564-W80,1996,UNIVERSITI MALAYA,2ND CLASS
111,636937695fc438e1c70603df,564-W80,1990,UNIVERSITI MALAYA,LULUS ASASI SAINS
112,636937695fc438e1c70603df,564-W80,1989,SEK MEN SAINS TENGKU ABDULLAH RAUB,SPM 11AGG
113,636937695fc438e1c70603e1,789-R75,2015,UUM,MASTER/ MBA
114,636937695fc438e1c70603e1,789-R75,2015,INTAN,DIPLOMA
115,636937695fc438e1c70603e1,789-R75,1999,UITM,DEGREE
116,636937695fc438e1c70603e1,789-R75,1983,UITM,DIPLOMA
117,636937695fc438e1c70603e3,720-G44,1989,SEK MEN CHINI 02,SRP
118,636937695fc438e1c70603e5,273-A04,1992,Smk jengja 10,Spm
119,636937695fc438e1c70603e7,494-D11,1986,ITM Shah Alam,Diploma in Masscomm ( General Degree )
120,636937695fc438e1c70603e7,494-D11,1981,"Institut Pendidikan, Kota Bahru Kelantan",Higher School Certificate ( HSC )
121,636937695fc438e1c70603e7,494-D11,1978,"Sek.Men Perempuan Methodist, Kuantan",MCE
122,636937695fc438e1c70603e9,678-X78,1988,SEKOLAH VOKASIONAL BATU 8 KUALA LIPIS,SPMV - 2
123,636937695fc438e1c70603eb,38-Z52,1994-1997,KOLEJ INSTITUT PENYELIDIKAN PERUBATAN ( IMR ) KUALA LUMPUR,DIPLOMA / CGPA 3.15
124,636937695fc438e1c70603eb,38-Z52,1993,STPM ( SAINS ) SEKOLAH MENENGAH SAINS KAMIL PASIR PUTIH KELANTAN,1P 2R
125,636937695fc438e1c70603eb,38-Z52,1991,SM BACHOK KELANTAN,Spm (Sains - 2)
126,636937695fc438e1c70603eb,38-Z52,1989,SM BACHOK KELANTAN,SRP ( 1 )
127,6358c3a45be697dfd6a2a37a,,,,
128,6358c3a35be697dfd6a2a35a,547-S11,1989,Universiti Teknologi Malaysia ,Ijazah Kejuruteraan Petroleum (Hons) ) 
129,6358c3a35be697dfd6a2a35a,547-S11,2005,Universiti Teknologi Mara,Ijazah Kejuruteraan Mekanikal (Hons) 
130,6358c3a25be697dfd6a2a31a,422-F75,1997,University Of Wales,Master Business Admin
131,6358c3a25be697dfd6a2a31a,422-F75,1989,University Of Reading,Profesional Certification
132,6358c3a35be697dfd6a2a354,616-Y95,2022,OPEN UNIVERSITI MALAYSIA PAHANG,BACHELOR OF ISLAMIC STUDIES/ ISLAMIC MANAGEMENT
133,6358c3a35be697dfd6a2a354,616-Y95,2012,UNIVERSITI MALAYSIA PAHANG,EXECUTIVE DIPLOMA IN BUSINESS MANAGEMENT
134,6358c3a25be697dfd6a2a30c,685-O85,1974,UKM,IJAZAH SASTERA DENGAN KEPUJIAN
135,6358c3a25be697dfd6a2a30c,685-O85,1989,UTM,SARJANA PENGURUSAN TEKNOLOGI SUMBER MANUSIA
136,6358c3a45be697dfd6a2a376,634-Q38,2016,UPM Serdang Selangor ,Master Sains
137,6358c3a35be697dfd6a2a328,1036-G28,2006,"School of Advanced International Studies (SAIS), Universiti Johns Hopkins, Washington",Ijazah Sarjana
138,6358c3a35be697dfd6a2a328,1036-G28,2003,UNITEN Bangi,Ijazah
139,6358c3a25be697dfd6a2a30e,1103-Y51,2008,UNIVERSITI KEBANGSAAN MALAYSIA,SARJANA UNDANG-UNDANG
140,6358c3a25be697dfd6a2a30e,1103-Y51,2002,UNIVERSITI ISLAM ANTARABANGSA MALAYSIA,SARJANA MUDA UNDANG-UNDANG SYARIAH
141,6358c3a25be697dfd6a2a30e,1103-Y51,2001,UNIVERSITI ISLAM ANTARABANGSA MALAYSIA ,SARJANA MUDA UNDANG-UNDANG
142,6358c3a45be697dfd6a2a368,247-T60,2004,San Jose State University ,Masters in Civil Engineering 
143,6358c3a45be697dfd6a2a368,247-T60,1999,University Teknologi Malaysia,Bachelor of Civil Engineering 
144,635b59c741920def23d3ac68,1196-W85,1987,"Bachelor of Science in Business Administration (Marketing) from University of Arizona Tucson, Arizona, United States of America",3.6
145,6368b1d771ba219338944d0d,438-Z39,2011,Politeknik Merlimau Melaka,3
146,6368b1d771ba219338944d0d,438-Z39,2009,"Politeknik Ungku Omar, Ipoh Perak",2.67
147,6368b1d771ba219338944d0d,438-Z39,2006,Sekolah Menegah Teknik Kerian,Baik
148,6368b1d771ba219338944d0f,808-P59,31 NOV 2019 ,"ANGLIA RUSKIN UNIVERSITY, CYBERJAYA",MASTER IN BUSINESS ADMINISTRATION
149,6368b1d771ba219338944d0f,808-P59,2016,"ANNAMALAI UNIVERSITY, INDIA",DEGREE IN BUSINESS MANAGEMENT
150,6368b1d771ba219338944d0f,808-P59,2007-11-30T16:00:00.000Z,"UNIVERSITI MALAYA, KL",DIPLOMA PENDIDIKAN AWAL KANAK-KANAK
151,6368b1d771ba219338944d0f,808-P59,1986,"SEK MEN SULTAN IBRAHIM, KULAI,JOHOR",STPM
152,6368b1d771ba219338944d0f,808-P59,1984,"SEK TUNKU ABDUL RAHMAN PUTRA, KULAI,JOHOR",SPM
153,6368b1d771ba219338944d11,698-F52,2016,UNIVERSITI SAINS MALAYSIA,2.95
154,6368b1d771ba219338944d13,790-W26,2020,AsiaeUniversity Olympia College,Executive Master In Business And Industrial Management (General)
155,6368b1d771ba219338944d13,790-W26,2007,Edmonton University,Bachelor In Business Administration
156,6368b1d771ba219338944d13,790-W26,1991,"Sekolah Menengah Vokasional, Kuala kangsar, Perak.",Sijil Pelajaran Malaysia Vokasional
157,6368b1d771ba219338944d15,1127-H58,1992,INTAN JPA,Kepujian
158,6368b1d771ba219338944d15,1127-H58,1989,"Post Graduate Diploma Strategy, UKM",B-
159,6368b1d771ba219338944d15,1127-H58,1987,BSc (Agrbusiness) UPM,Kepujian Kelas Kedua
160,6368b1d771ba219338944d17,21-J53,2010,UIAM (MBBS),IJAZAH
161,6368b1d771ba219338944d17,21-J53,2002,"SMK TUN SABAN. PENGKALAN HULU, PERAK",SEKOLAH MENENGAH
162,6368b1d771ba219338944d17,21-J53,1997,"SK BEKUAI, PENGKALAN HULU, PERAK",SEKOLAH RENDAH
163,6368b1d771ba219338944d19,415-J83,2005,UNIVERSITI MALAYA,3.72
164,6368b1d771ba219338944d19,415-J83,2002,UNIVERSITI MALAYA,3.60
165,6368b1d771ba219338944d19,415-J83,1993,INSTITUT PERGURUAN DARUL AMAN,3.52
166,6368b1d771ba219338944d19,415-J83,1988,SMK AMINUDDIN BAKI KG PANDAN KL,1A 1C 1D 1R
167,6368b1d771ba219338944d19,415-J83,1986,SMK SERI PANTAI KL,PANGKAT 2
168,6368b1d771ba219338944d1b,718-K01,2003-2006,Universiti Putra Malaysia,Kelas Pertama
169,6368b1d771ba219338944d1b,718-K01,2001-2002,Sek Men Seri Mersing,STPM
170,6368b1d771ba219338944d1b,718-K01,1995-2000,Sek Men Ungku Husin,SPM
171,6368b1d771ba219338944d1b,718-K01,1989-1994,SJK(C) Chiao Ching,UPSR
172,6368b1d771ba219338944d1d,896-J39,2020,Asia e University,Executive Master
173,6368b1d771ba219338944d1d,896-J39,1985,"SPM Sekolah Menengah Abdul Rahman Talib, kuantan",Pangkat 2
174,6368b1d771ba219338944d1d,896-J39,1983,"SRP Sekolah Menengah Rendah Felda Bukit Goh, Kuantan",Agrigate 13
175,6368b1d771ba219338944d1f,900-X80,2007,"UNIVERSITY PUTRA MALAYSIA, SELANGOR",Bachelor of Science and Food Technology
176,6368b1d771ba219338944d1f,900-X80,2003,"SEKOLAH MENENGAH KEBANGSAAN SULTAN ISMAIL, JOHOR BAHRU",STPM (CGPA 3.75)
177,6368b1d771ba219338944d1f,900-X80,2001,"SEKOLAH MENENGAH KEBANGSAAN TAMAN JOHOR JAYA (1), JOHOR","SPM (5A, 4B,1C)"
178,6368b1d771ba219338944d21,588-V58,2022,Universiti Sains Malaysia,Dalam pengajian
179,6368b1d771ba219338944d21,588-V58,2011,SMK Kampung Pasir Puteh,"1A,1A-,1B+,5B,1D"
180,6368b1d771ba219338944d23,1142-L74,1998-2000,INSTITUT TEKNOLOGI PERAK,KELAS KEDUA TERTINGGI
181,6368b1d771ba219338944d25,32-P04,1972,Diploma Ketenteraan,Ditauliah oleh Agong
182,6368b1d771ba219338944d25,32-P04,1986,"Internasional Business,Sanyo Jepun",Lulus
183,6368b1d871ba219338944d27,472-Q37,2020,"MSc International Relations, University of Aberdeen, Scotland, UK ",Commendation
184,6368b1d871ba219338944d27,472-Q37,2016,"Sarjana Muda Syariah dan Undang-Undang, USIM, Nilai, N9",Second Class Upper
185,6368b1d871ba219338944d29,1043-M45,2012,UNISZA,2.39
186,6368b1d871ba219338944d29,1043-M45,2008,MADRASAH IDRISIAH,4A3B2C
187,6368b1d871ba219338944d2b,1005-T34,1994,UNIVERSITI SAINS MALAYSIA ( USM ),BA.(HONS)
188,6368b1d871ba219338944d2b,1005-T34,1995,UNIVERSITI SAINS MALAYSIA,KEPUJIAN
189,6368b1d871ba219338944d2b,1005-T34,1997,INSTITUT TEKNOLOGI MARA @ UiTM,2.82
190,6368b1d871ba219338944d2b,1005-T34,2004,UNIVERSITI UTARA MALAYSIA ( UUM )2022,LULUS
191,6368b1d871ba219338944d2d,92-Y26,2018,Universiti Teknologi Malaysia,Ijazah Sarjana Muda Kejuruteraan Awam
192,6368b1d871ba219338944d2d,92-Y26,2006,Universiti Malaysia Pahang,Diploma Kejuruteraan Awam 
193,6368b1d871ba219338944d2d,92-Y26,2002,MRSM Lenggong,Spm
194,6368b1d871ba219338944d2f,793-R74,1994,Institut Teknologi Mara,2.62
195,6368b1d871ba219338944d31,941-J25,1999,"UNIVERSITI PUTRA MALAYSIA, SELANGOR",2.486
196,6368b1d871ba219338944d31,941-J25,2001,"INSTITUT PERGURUAN RAJA MELEWAR, SEREMBAN",3.43
197,6369233db9d3c3f92b71564b,,,,
198,636923c8b9d3c3f92b71564c,,,,
199,635bb73f7c3afddd6da308eb,,,,
200,6358c3a35be697dfd6a2a358,566-I59,2006,Universiti Malaya,Diploma IT & Multimedia 
201,6358c3a35be697dfd6a2a322,922-Z53,1997-2002,"SEKOLAH KEBANGSAAN RAJA MUDA MUSA, KUALA KANGSAR",LULUS
202,6358c3a35be697dfd6a2a322,922-Z53,2003-2007,"SEKOLAH MENENGAH KEBANGSAAN BUKIT MERCHU, KUALA KANGSAR",LULUS
203,6358c3a35be697dfd6a2a322,922-Z53,2008-2009,"PUSAT ASASI UNIVERSITI ISLAM ANTARABANGSA MALAYSIA, PETALING JAYA, SELANGOR",LULUS
204,6358c3a35be697dfd6a2a322,922-Z53,2010-2014,"UNIVERSITI ISLAM ANTARABANGSA, GOMBAK",LULUS
205,636489ed856eb6aea7533203,892-T10,1995,PASIFIC INSTITUTE OF MANAGEMENT,DIPLOMA
206,635b1827e2e59fe60b20491e,,1971,"University of Malaya, Kuala Lumpur",
207,635b1827e2e59fe60b20491e,,1966,"The Malay College Kuala Kangsar, Perak",
208,635b1827e2e59fe60b20491e,,1959,"Sekolah Rendah Stowell, Pulau Pinang",
209,635b1827e2e59fe60b20491e,,1957,Sekolah Melayu Cherok Tok Kun,
210,635b1827e2e59fe60b20491e,,1955,Sekolah Melayu Sungai Bakap,
211,6358c3a35be697dfd6a2a35c,1049-C16,2006,Universiti Putra Malaysia,Ijazah
212,6358c3a35be697dfd6a2a35c,1049-C16,2004,SMK Seri Garing Rawang,STPM
213,635b1928e2e59fe60b204926,,,,
214,635b59bd41920def23d3ac66,1195-V03,1998,UNIVERSITI YARMOUK JORDAN,"MA, SYARIAH / PENDIDIKAN ISLAM"
215,635b59bd41920def23d3ac66,1195-V03,1989,UNIVERSITI AL-AZHAR MESIR,"BA, USULUDDIN"
216,6358c3a35be697dfd6a2a342,1129-G29,1998,Universiti Islam Antarabangsa Malaysia,Ijazah Sarjana Muda Undang Undang 
217,6358c3a35be697dfd6a2a342,1129-G29,1990,"Kolej Islam Sultan Alam Shah, Klang",SPM
218,6358c3a35be697dfd6a2a342,1129-G29,1987,"Sekolah Menengah Kebangsaan Agama Sultan Muhammad, Melaka",SPR
219,6358c3a45be697dfd6a2a38c,899-C84,2014-2015,Sarjana Pentadbiran Awam National University of Singapore,Second class
220,6358c3a45be697dfd6a2a38c,899-C84,2000-2004,Bachelor Kejuruteraan Awam Universiti Putra Malaysia,Second class
221,63692dbc3385e4df6b614f34,15-Z25,2003-2006,"Akademi Laut Malaysia,Kuala Sungai Baru,Melaka",Diploma
222,63692dbc3385e4df6b614f34,15-Z25,1998-2002,Sekolah Menengah Kebangsaan Kuala Perlis,SPM
223,63692dbc3385e4df6b614f34,15-Z25,1992-1997,Sekolah Kebangsaan Kuala Perlis,UPSR
224,63692dbc3385e4df6b614f36,1174-I20,2002,"Sarjana Muda (Kepujian) Sains Kemanusiaan (Sains Politik) Universiti Islam Antarabangsa Malaysia (UIAM) Gombak, Kuala Lumpur.",2.56
225,63692dbc3385e4df6b614f38,194-I56,1981,"SEKOLAH MENENGAH BATU KIKIR , NEGERI SEMBILAN.",SIJIL PELAJARAN MALAYSIA
226,63692dbc3385e4df6b614f3a,527-E76,2019,Lembaga Kelayakan Profesion Undang-Undang (LPQB) Malaysia,Lulus
227,63692dbc3385e4df6b614f3a,527-E76, CLP,Universiti Malaya,Lulus
228,63692dbc3385e4df6b614f3a,527-E76,2006,Universiti Malaya,Lulus
229,63692dbc3385e4df6b614f3c,1106-F16,2000,UNIVERSITI TEKNOLOGI MALAYSIA,SAUJANA MUDA SAINS KOMPUTER DAN TEKNOLOGI MAKLUMAT
230,63692dbc3385e4df6b614f3c,1106-F16,1998,POLITEKNIK UNGKU OMAR,DIPLOMA KOMPUTER TEKNOLOGI
231,63692dbc3385e4df6b614f3c,1106-F16,1996,POLITEKNIK PORT DICKSON,SIJIL ELEKTRONIK DAN KOMPUTER TEKNOLOGI
232,63692dbc3385e4df6b614f3c,1106-F16,1993,SEKOLAH MENENGAH MANTIN,SPM
233,63692dbc3385e4df6b614f3c,1106-F16,1987,"SJK (C) CHUNG HUA, MANTIN.",DARJAH 6
234,63692dbc3385e4df6b614f3c,1106-F16,1983,"SJK (C) CHUNG HUA, LADANG GEDDES.",DARJAH 2
235,63692dbc3385e4df6b614f3e,554-S33,KINI,UNIVERSITI MALAYSIA PERLIS,IJAZAH SARJANA MUDA KEJURUTERAAN AWAM
236,63692dbc3385e4df6b614f3e,554-S33,2018,KOLEJ MATRIKULASI TEKNIKAL KEDAH,SIJIL MATRIKULASI
237,63692dbc3385e4df6b614f3e,554-S33,2016,SEKOLAH MENENGAH TEKNIK TUNKU ABDUL RAHMAN PUTRA,SIJIL PELAJARAN MALAYSIA
238,63692dbc3385e4df6b614f40,614-R30,1997/2000,MAKTAB PERGURUAN BESUT,LULUS
239,63692dbc3385e4df6b614f40,614-R30,1996,SMK DATO SHEIKH AHMAD ARAU,SPM
240,63692dbc3385e4df6b614f40,614-R30,1994,SMK DATO SHEIKH AHMAD ARAU,PMR
241,63692dbc3385e4df6b614f40,614-R30,1991,SK LAKA SELATAN ,UPSR
242,63692dbc3385e4df6b614f42,26-P10,2017-2020,"Universiti Malaysia Perlis, Exit Lebuhraya Changlun - Kuala Perlis, 02600 Arau, Perlis",3.19
243,63692dbc3385e4df6b614f42,26-P10,2014-2017,"Politeknik Sultan Abdul Halim Mu'adzam Shah (POLIMAS),Bandar Darulaman, 06000 Jitra, Kedah",2.78
244,63692dbc3385e4df6b614f42,26-P10,2008-2013,"SMK Tengku Budriah,Jalan Ulu Pauh, 02600, Arau, Perlis",SPM
245,6369357ab9d3c3f92b71564d,,,,
246,6358c3a35be697dfd6a2a34c,969-Y23,2003-2006,BACHELOR SCIENCE OF FORESTRY UNIVERISTY PUTRA OF MALAYSIA (UPM),3.19
247,6358c3a35be697dfd6a2a34c,969-Y23,2000-2003,DIPLOMA OF FORESTRY,3.19
248,6358c3a45be697dfd6a2a380,918-D23,2020,DALAM PENGAJIAN IJAZAH KEDOKTORAN (SOCIAL AND BEHAVIOURAL SCIENCE)  ,UNIVERSITY OF MALAYA
249,6358c3a45be697dfd6a2a380,918-D23,2018,IJAZAH SARJANA DALAM BIDANG EKONOMI,UNIVERSITY OF MALAYA
250,6358c3a45be697dfd6a2a380,918-D23,2014,IJAZAH SARJANA MUDA DALAM BIDANG EKONOMI DENGAN KEPUJIAN,UNIVERSITY MALAYSIA SABAH
251,6358c3a45be697dfd6a2a380,918-D23,2012,SIJIL TINGGI PERSEKOLAHAN MALAYSIA,"SMK BUGAYA, SEMPORNA, SABAH"
252,6358c3a45be697dfd6a2a380,918-D23,2011,SIJIL PELAJARAN MALAYSIA,"SMK WIRA PENRISSEN, SAMARAHAN, SARAWAK"
253,6369dcd27697835cf7b47759,,,,
254,6358c3a35be697dfd6a2a34a,238-Z11,2004,"University of London, Senate House, Malet St, London WC1E 7HU, United Kingdom",3.5
255,6358c3a35be697dfd6a2a34a,238-Z11,2000,"STPM, SMK Pitas",3P
256,6368a1dd8a8341abc4fcb333,,,,
257,6358c3a35be697dfd6a2a320,914-T01,2007,Universiti Malaysia Sabah,MBA
258,6358c3a35be697dfd6a2a320,914-T01,1992,"Aberdeen University, Scotland",BEng
259,6358c3a25be697dfd6a2a31e,1149-J17,2016,"ANGLIA RUSKIN UNIVERSITY,UNITED KINGDOM",MASTER IN LAW
260,6358c3a25be697dfd6a2a31e,1149-J17,1980-1984,SM LA SALLE,SPM
261,6368a1f58a8341abc4fcb334,28-Q35,1998,Southern Illinois University Carbondale. Illinois USA.,2.8. (B.A. Hons) Psychology
262,6368a1f58a8341abc4fcb334,28-Q35,1990,Institut Perguruan Dultan Idris Tg. Malim Perak,Diploma Perguruan Bimbingan & Kaunseling
263,6368a1f58a8341abc4fcb334,28-Q35,1988,Maktab Perguruan Ilmu Khas. Cheras. Kuala Lumpur,Sijil Perguruan Khas Bimbingan & Kaunseling. Kaunse
264,6368a1f58a8341abc4fcb334,28-Q35,1976,Maktab Perguruan Gaya Kota Kinabalu,Sijil Asas Perguruan
265,635b19cce2e59fe60b20492c,,,,
266,6358c3a35be697dfd6a2a344,817-N26,2010,UNIVERSITI PENDIDIKAN SULTAN IDRIS (UPSI),PHD
267,6358c3a35be697dfd6a2a344,817-N26,2003,UNIVERSITI PUTRA MALAYSIA (UPM),SARJANA
268,6358c3a35be697dfd6a2a344,817-N26,2000,UNIVERSITI PENDIDIKAN SULTAN IDRIS (UPSI),IJAZAH SARJANA MUDA 
269,6358c3a35be697dfd6a2a344,817-N26,1998,MAKTAB PERGURUAN GAYA,DIPLOMA PERGURUAN KHAS 
270,6358c3a35be697dfd6a2a344,817-N26,1988,MAKTAB PERGURUAN KENINGAU,SIJIL PERGURUAN ASAS 
271,6368a2288a8341abc4fcb335,,,,
272,6358c3a45be697dfd6a2a386,853-B28,1999,"BOND UNIVERSITY, GOLD COAST, QUEENSLAND 4229,AUSTRALIA",LLB (BACHELOR OF LAWS)
273,6358c3a45be697dfd6a2a386,853-B28,2011,"BOND UNIVERSITY, GOLD COAST, QUEENSLAND 4229,AUSTRALIA",MASTER OF LAWS (DISPUTE RESOLUTION)
274,636363c4856eb6aea75331e7,,,,
275,63636f30856eb6aea75331e8,430-J78,2003,UNIVERSITI TEKNOLOGI MARA,BACHELOR
276,63636f30856eb6aea75331e8,430-J78,1986,"SM TUN ABANG HJ OPENG, KUCHING",SPM
277,63636f30856eb6aea75331e8,430-J78,1984,SMK PETRA JAYA,SRP
278,63636fab856eb6aea75331e9,578-V41,2011,UiTM KOTA SAMARAHAN,IJAZAH SARJANA PENDIDIKAN DENGAN KEPUJIAAN
279,63636fab856eb6aea75331e9,578-V41,2004,UiTM KOTA SAMARAHAN,IJAZAH SARJANA MUDA PENDIDIKAN DENGAN KEPUJIAAN
280,63636fab856eb6aea75331e9,578-V41,1989,MPBL KUCHING SARAWAK,SIJIL PERGURUAN ASAS PENDIDIKAN
281,63636fab856eb6aea75331e9,578-V41,1985,SMK SERIAN,MCE PANGKAT 3
282,63636ff1856eb6aea75331ea,1088-W88,2022-,"Universiti Tanjungpura, Kota pontianak, indonesia ",Mahasiswa Doktor ilmu pertanian
283,63636ff1856eb6aea75331ea,1088-W88,2009,HuaZhong Agricultural university,Degree
284,63636ff1856eb6aea75331ea,1088-W88,1998,SMK Bandar Kuching,STPM
285,63636ff1856eb6aea75331ea,1088-W88,1996,"SMK Balai Ringin, Serian",SPM
286,63636ff1856eb6aea75331ea,1088-W88,1994,"SMK BALAI RINGIN, SERIAN",PMR
287,63636ff1856eb6aea75331ea,1088-W88,1990,"SRK. SG. Menyan, Serian",UPSR
288,6363701b856eb6aea75331eb,177-S66,2003,UiTM 40450 Shah Alam Selangor,MBA CGPA 3.64
289,6363701b856eb6aea75331eb,177-S66,1993,UUM Sintok Kedah ,BBA (Kepujian) CGPA 2.92
290,6363701b856eb6aea75331eb,177-S66,1986,UiTM 40450 Shah Alam Selangor,DBS CGPA 2.73
291,63637062856eb6aea75331ec,722-M36,1988-2001,Universiti Putra Malaysia,Bachelor Pendidikan
292,636370a4856eb6aea75331ed,490-Y09,2002,"University of Southern Queensland, Australia ",MBA
293,636370a4856eb6aea75331ed,490-Y09,1999,"Institute of Commercial Management, United Kingdom.",Post Graduate Diploma
294,636370ce856eb6aea75331ee,,,,
295,6363710d856eb6aea75331ef,,,,
296,6363713e856eb6aea75331f0,602-N16,2012,UNIMAS (MASTER DEGREE CMBA,3.4
297,6363713e856eb6aea75331f0,602-N16,1998,UPM SERDANG,2.8
298,6363713e856eb6aea75331f0,602-N16,1984,SMK LUAR BANDAR SIBU,MCE GRED 3
299,6363713e856eb6aea75331f0,602-N16,1978,SRK NANGA SELANGAU,LULUS
300,636371a4856eb6aea75331f1,729-N32,2004,"Bachelor of Business Administration (Hons), UITM, Samarahan, Sarawak. ",2.6
301,636371a4856eb6aea75331f1,729-N32,2000,"Diploma in Public Administration, UITM, Samarahan, Sarawak",2.51
302,636371be856eb6aea75331f2,218-D30,2003,UiTM Shah Alam,2.46 CGPA
303,636371be856eb6aea75331f2,218-D30,1996,SAL College (Collaboration with UKM),Diploma In Information Technology
304,636371be856eb6aea75331f2,218-D30,1994,Sekolah Tinggi Melaka,STPM
305,636371be856eb6aea75331f2,218-D30,1992,"Sekolah Menengah Sains Muar, Johor",SPM
306,636371be856eb6aea75331f2,218-D30,1990,"Sekolah Sultan Abdul Aziz Shah Kajang, Selangor",SRP
307,636371be856eb6aea75331f2,218-D30,1988,Sekolah Kebangsaan Airport,Sijil Darjah 6
308,636371ef856eb6aea75331f3,670-U64,2008 - 2010,IBS KOLEJ (MIRI),CGPA – 3.14 LULUS
309,636371ef856eb6aea75331f3,670-U64,1991,"SMB ST JOSEPH, MIRI",SPM - LULUS
310,6358c3a45be697dfd6a2a374,455-V20,2021,"LLM, Universiti Malaya, Jln Profesor Diraja Ungku Aziz, Seksyen 13, 50603 Kuala Lumpur, Wilayah Persekutuan Kuala Lumpur",3.35
311,6358c3a45be697dfd6a2a374,455-V20,2016,"LLB, Universiti Utara Malaysia, Sintok, 06010 Bukit Kayu Hitam, Kedah",3.64
312,6358c3a45be697dfd6a2a37c,1070-P57,1999-2000,"Universiti Teknologi MARA (UiTM), Jalan Ilmu 1/1, 40450 Sham Alam, Selangor",CGPA 2.55
313,6358c3a45be697dfd6a2a37c,1070-P57,1995-1998,"Universiti Teknologi MARA (UiTM), Jalan Ilmu 1/1, 40450 Sham Alam, Selangor",CGPA 2.56
314,6358c3a45be697dfd6a2a37c,1070-P57,1991-1994,"Institusi Teknologi MARA (ITM) Sabah, Beg Berkunci 71, 88997 Kota Kinabalu, Sabah, Malaysia",CGPA 3.10
315,6358c3a45be697dfd6a2a37c,1070-P57,1988-1989,"Sekolah Menengah Marudi, 98050 Marudi, ",SPM
316,6358c3a45be697dfd6a2a37c,1070-P57,1985-1987,"Sekolah Menengah Kerajaan Temenggong Datuk Lawai Jau, Long San, 98050 Baram",SRP
317,6358c3a45be697dfd6a2a37c,1070-P57,1979-1984,"Sekolah Rendah Kebangsaan Long Jeeh, 98050 Baram",Darjah 6
318,636372b9856eb6aea75331f4,,,,
319,635b1a1be2e59fe60b20492e,932-Z30,1980,SMK Lawas,MCE O Level
320,6358c3a25be697dfd6a2a30a,111-B62,1993,Universiti Teknologi Malaysia,Sarjana Muda Kejuruteraan Elektrik
321,6358c3a35be697dfd6a2a33e,217-Z06,2019,"UNIVERSITI MALAYA 50603, Jln Profesor Diraja Ungku Aziz, Seksyen 13, 50603 Kuala Lumpur, Wilayah Persekutuan Kuala Lumpur",MASTER OF PUBLIC HEALTH
322,6358c3a35be697dfd6a2a33e,217-Z06,2002,CRIMEA STATE MEDICAL UNIVERSITY UKRAINE,MEDICINE DOCTOR (M.D)
323,6358c3a35be697dfd6a2a33e,217-Z06,1994,"SEKOLAH MENENGAH SERI GARING  JALAN KUALA GARING, KUALA GARING, 48000 RAWANG, SELANGOR ",SECONDARY SCHOOL 
324,6358c3a35be697dfd6a2a33e,217-Z06,1993,"SEKOLAH RENDAH SINARAN BUDI KUALA GARING, 48000 RAWANG, SELANGOR",PRIMARY SCHOOL
325,635b18f2e2e59fe60b204924,,1981,"LLB (Hons), National University of Singapore",
326,6358c3a35be697dfd6a2a348,1071-D53,2002,UPM,2.84
327,6358c3a25be697dfd6a2a314,906-V54,1987,"Kejuruteraan Awam , UTM Johor",n
328,6358c3a25be697dfd6a2a314,906-V54,1997,"Al-Quran dan Sunnah, UM",n
329,6358c3a25be697dfd6a2a314,906-V54,1998,"Higher National Cert. in Early Child Care and Education & Development, Scotland",n
330,6358c3a25be697dfd6a2a314,906-V54,2010,"Political & Advisory Policy, Sydney University",n
331,6358c3a25be697dfd6a2a316,834-G75,1994,Kolej Melayu Kuala Kangsar,
332,6358c3a25be697dfd6a2a316,,1999,University of Leeds (BEng Electrical & Electronics),
333,6358c3a25be697dfd6a2a316,,2003,"Fellow, Institute of Chartered Accountants in England & Wales (ICAEW)",
334,6358c3a45be697dfd6a2a36e,202-C14,1988,"School of Law of the University of Warwick, United Kingdom",Second Class Upper
335,6358c3a45be697dfd6a2a36e,202-C14,1981,"United World College of South East Asia, Singapore",IB39
336,6358c3a35be697dfd6a2a32c,251-U99,2019,"LKY School of Public Policy, National University of Singapore",4.35
337,6358c3a35be697dfd6a2a32c,251-U99,2006,Malaysia University of Science and Technology,3.48
338,6358c3a35be697dfd6a2a32c,251-U99,2003,Multimedia University,3.25
339,6358c3a35be697dfd6a2a330,,,"Degree, Bachelor of Engineering Technology (Mechanical), Queensland University of Techonology (QUT)",
340,6358c3a35be697dfd6a2a330,,,"Advanced Diploma in Engineering (Mechanical & Manufacturing), Swinburne University of Techonology, Australia",
341,6358c3a35be697dfd6a2a330,,,"Foundation in Business Studies, Diploma. Mississippi State University (MSU), United States (USA)",
342,6358c3a35be697dfd6a2a330,,,"O’ Levels Kolej Tuanku Ja’afar (KTJ), Malaysia",
343,6358c3a35be697dfd6a2a33c,,,,
344,6358c3a35be697dfd6a2a356,1119-H69,1998,University of London,LL.B (Hons)
345,6358c3a35be697dfd6a2a356,1119-H69,2005,University Malaya,Sijil Amalan Guaman
346,6358c3a45be697dfd6a2a36c,240-R99,2006,"Universiti Putra Malaysia, Jalan Universiti 1, 43400 Serdang, Selangor",Ijazah Bacelor Pendidikan
347,6358c3a35be697dfd6a2a32e,812-R86,2018,"Universiti Utara Malaysia, Sintok, Kedah",Sarjana/Master
348,6358c3a35be697dfd6a2a32e,812-R86,1999,"Universiti Malaya, Kuala Lumpur",Sarjana Muda
349,6358c3a35be697dfd6a2a32e,812-R86,1997,"Institut Bahasa Melayu Malaysia, Lembah Pantai, Kuala Lumpur",Diploma
350,6358c3a35be697dfd6a2a32e,812-R86,1991,Calon Persendirian,STPM
351,6358c3a35be697dfd6a2a32e,812-R86,1985,"SMA Mahmudiah, Kuala Berang, Hulu Terengganu",SPM
352,6358c3a35be697dfd6a2a35e,168-A54,2006,UKM ,Master of Surgery(Ophthalmology)
353,6358c3a35be697dfd6a2a35e,168-A54,1996,Dow Medical College Univ of Karachi,MBBS
354,6358c3a45be697dfd6a2a388,204-W15,1995,THE CHARTERED INSTITUTE OF PURCHASING & SUPPLY,SECOND CERTIFICATE EQUIVALENT TO DIPLOMA
355,6358c3a45be697dfd6a2a388,204-W15,1981,MAKTAB ADABI TERENGGANU,STP
356,6358c3a45be697dfd6a2a388,204-W15,1979,SEKOLAH MENGAH PADANG MIDIN,SPM
357,6358c3a35be697dfd6a2a338,1146-C37,2022,BAC,Degree
358,6358c3a45be697dfd6a2a37e,637-T90,2021,Master of Disaster Risk Managemant/ Malaysia-Japan International Institute of Technology(MJIIT)-UTM,CGPA 4.0
359,6358c3a45be697dfd6a2a37e,637-T90,1985,BSc Civil Engineering/Bolton Institute of Higher Education(Bolton University),Bachelor Degree
360,635aad93ea3371660a120fb8,1193-A63,2002,KING COLLEGE LONDON (LLB HONS ),2ND CLASS UPPER
361,635aad93ea3371660a120fb8,1193-A63,2002,KOLEJ YAYASAN UEM ,2A 1B
362,635aad93ea3371660a120fb8,1193-A63,1995,MCKK ( SPM),8 AGGREGAT
363,635aad93ea3371660a120fb8,1193-A63,1982,SRK LA SALLE ,LULUS
364,6358c3a25be697dfd6a2a312,11-N89,2003,"Purdue University, Indiana, USA",BS Chemical Engineering
365,635b187be2e59fe60b204920,,1973,"Ijazah Oftalmologi, Royal College of Surgeons, Ireland",
366,635b187be2e59fe60b204920,,1970-1971,Kolej Tunku Kurshiah,
367,635aad89ea3371660a120fb6,1192-U29,1982-1987,"Assunta Primary School, PJ",Excellent
368,635aad89ea3371660a120fb6,1192-U29,1988-1992,"Assunta Secondary School, PJ",Excellent
369,635aad89ea3371660a120fb6,1192-U29,1993-1994,"Kolej MARA, Seremban",Excellent
370,635aad89ea3371660a120fb6,1192-U29,1995-1998,"UKM, Bangi (Undergraduate)",Excellent
371,635aad89ea3371660a120fb6,1192-U29,1998-2001,"UKM, Bangi (Master of Science)",Excellent
372,635aad89ea3371660a120fb6,1192-U29,2002-2006,Universiti College London,Excellent
373,635aad89ea3371660a120fb6,1192-U29,2015-2016,University of Colorado Anschutz ,Excellent
